"pets","us_region","class_year","hair_color","campus","watch_sports","beyonce_love","fav_artist","social_network","relationship_status","num_siblings","num_languages","nights_drinking","pbj_or_n","tenting","countries_visited","first_kiss","hours_watching_television","perimeter","fav_campus_eatery","fb_visits_per_day","ac","condiment","vegetarian","voted_for_president","social_club","space_time","university_applications","pizza_consumption","sick","games_attended","pepsi_or_coke","fav_friend_character","continents_visited","game_of_thrones","netflix_binge_show","chipotle_order","fav_pokemon","first_tooth","fav_cheese","cat_or_dog","fav_late_night_food","fav_dessert_flavor","fav_off_campus_restaurant","vending_machine","multicultural","smell","parents_age","marketplace_worst_meal","best_book_turned_show","fav_fantasy_universe","hogwarts_house","shooters"
"1","California","Sophomore","Brown","Central","Other","meh","Taylor swift","Yikyak","it's complicated","1","2","2","Nutella","none","6","16","14","What even is the Perimeter ","Divinity Refectory","0","Yes","Ketchup","yes","no, I was not eligible due to age or citizenship status","Greek life","Time","22","0","0","2","Neither they're nasty","Rachel","2","House Stark","House of Cards","Burrito Bowl","Charizard","6","None of the above","Cat","Pitchforks","vanilla","Chipotle","No","Yes","Pine","56","powdered eggs","Game of Thrones","Harry Potter","Hufflepuff (because I'm good at something)","2"
"1","New England","Sophomore","Brown","West","I don't watch sports","hell yes","none of these","Instagram","no","1","2","2","Nutella","white","10","14","5","What even is the Perimeter ","Divinity Refectory","8","Yes","Sriracha","no","no, I was not eligible due to age or citizenship status","Greek life","Time","8","0","4","4","Coke","Rachel","2",NA,"House of Cards","Burrito Bowl","Jigglypuff","4","Brie","Dog","Cosmic","fruity","Parker and Otis","No","No","Clean Laundry","50","powdered eggs","Harry Potter","Harry Potter","Gryffindor (because I'm a badass)","1"
"1","Southeast","Sophomore","Blonde","West","Basketball","yes","none of these","Facebook","it's complicated","1","2","0","Nutella","none","8","14","2","What even is the Perimeter ","Divinity Refectory","5","Yes","Honey Mustard","no","yes","Independent","Time","9","1","0","1","Coke","Monica","2",NA,"Gilmore Girls","Burrito Bowl","Jigglypuff","6","Cheddar","Dog","Pizza","vanilla","Parker and Otis","Sometimes","No","Clean Laundry","55","watery pasta","Hunger Games","Harry Potter","Ravenclaw (because I'm better than you)","0"
"1","Midwest","Sophomore","Blonde","Central","Other","hell yes","Taylor swift","Snapchat","no","2","3","4","All three","none","8","5","4","Inside","None of the above","20","Yes","Ketchup","no","yes","Greek life","Time","8","10","28","3","Coke","Rachel","3",NA,"House of Cards","Burrito","Jigglypuff","4","Cheddar","Dog","Cookout","vanilla","Chipotle","Sometimes","No","Pine","53","the giant roasted hog","Harry Potter","Lord of the Rings","Gryffindor (because I'm a badass)","10"
"1","Southeast","First-year","Brown","East","Basketball","hell yes","none of these","Snapchat","it's complicated","1","1","1","Peanut butter","unsure","11","12","1","What even is the Perimeter ","The Loop","100","Yes","Maple Syrup","no","no, I was not eligible due to age or citizenship status","Greek life","Time","4","2","5","5","Pepsi","Rachel","3",NA,"House of Cards","Burrito","Charizard","3","None of the above","Dog","Cookout","vanilla","Cosmic","No","No","Clean Laundry","51","chocolate covered crickets","Harry Potter","Harry Potter","Hufflepuff (because I'm good at something)","1"
"3","Southeast","First-year","Brown","East","Basketball","meh","none of these","Instagram","yes","3","1","2","Nutella","none","2","14","1","What even is the Perimeter ","Divinity Refectory","1","Yes","Maple Syrup","no","no, I was not eligible due to age or citizenship status","Greek life","Time","1","1","10","2","Coke","Rachel","1",NA,"Gilmore Girls","Burrito","Charizard","6","Cheddar","Dog","Cookout","chocolate","Chipotle","No","No","Old Spice/Axe/Perfume","52","watery pasta","Twilight","Harry Potter","Gryffindor (because I'm a badass)","3"
NA,"New England","Junior","Black","West","Soccer","hell yes","Beyonce","Instagram","no","2","3","2","Peanut butter","unsure","10","15","20","What even is the Perimeter ","Edens Cafe (lol)","8","Yes","Sriracha","no","yes","Greek life","Time","3","1","3","2","Coke","Monica","4","House Stark","Friends","Burrito Bowl","Charizard","8","Goat","Dog","Pizza","vanilla","Harris Teeter's","Sometimes","Yes","Clean Laundry","50","watery pasta","Harry Potter","Harry Potter","Ravenclaw (because I'm better than you)","2"
"1","Southwest","Sophomore","Black","West","Basketball","I don't care. #teamnicki","none of these","Youtube","no","1","2","1","Some combination of two","unsure","20","15","5","Outside","The Loop","10","Yes","Honey Mustard","no","no, I was not eligible due to age or citizenship status","Independent","Outer space","11","1","1","0","Neither they're nasty","Chandler","5","House Targaryen","Friends","Burrito Bowl","Charizard","6","Brie","Cat","Pizza","chocolate","Chipotle","Sometimes","Yes","Bakery","50","powdered eggs","Lord of the Rings/Hobbit","Harry Potter","Ravenclaw (because I'm better than you)","1"
"4","Southeast","Junior","Blonde","West","Basketball","yes","none of these","Instagram","yes","3","2","2","Peanut butter","none","5","6","5","What even is the Perimeter ","Edens Cafe (lol)","2","Yes","Maple Syrup","no","yes","Athletic Team","Time","1","1","1","2","No preference","Rachel","3",NA,"Breaking Bad","Burrito Bowl","Blastoise","8","Pepperjack","Dog","Cookout","chocolate","Chipotle","No","No","Sharpie","57","chocolate covered crickets","Harry Potter","Harry Potter","Gryffindor (because I'm a badass)","4"
"1","California","Sophomore","Brown","West","Basketball","hell yes","none of these","Facebook","no","2","2","2","Some combination of two","none","10","12","6","What even is the Perimeter ","Other","10","Yes","Soy Sauce","no","no, I was not eligible due to age or citizenship status","Greek life","Outer space","10","1","15","0","Coke","Chandler","4","House Targaryen","Gilmore Girls","Burrito Bowl","Jigglypuff",NA,"Goat","Dog","Cookout","vanilla","Cosmic","No","No","Bakery","55","chocolate covered crickets","Harry Potter","Harry Potter","Gryffindor (because I'm a badass)","1"
"0","Southwest","Junior","Black","West","I don't watch sports","no","none of these","I don't use social media","no","2","2","0","Nutella","none","3",NA,"8","What even is the Perimeter ","Blue Express","0","Yes","Ketchup","no","no, I was not eligible due to age or citizenship status","Independent","Time","7","0","0","0","Coke",NA,"3",NA,NA,"Burrito Bowl",NA,"5","None of the above","I'm not an animal person","Pitchforks","chocolate","Chipotle","Sometimes","Yes","Clean Laundry","49","salad bar","Twilight",NA,NA,"0"
"1","Mid-Atlantic","Sophomore","Brown","West","Basketball","hell yes","none of these","Snapchat","no","3","2","3","Nutella","black","5","16","10","What even is the Perimeter ","Other","15","Yes","Sriracha","no","no, I was not eligible due to age or citizenship status","SLG","Time","3","3","2","30","Coke","Chandler","3","House Targaryen","Friends","Burrito Bowl","Charizard","6","Goat","Dog","Pitchforks","chocolate","Chipotle","Yes","No","Bakery","49","powdered eggs","Harry Potter","Harry Potter","Gryffindor (because I'm a badass)","1"
"1","New England","Sophomore","Brown","Central","Football","hell yes","Beyonce","Instagram","no","1","2","3","Some combination of two","none","5","14","8","What even is the Perimeter ","Divinity Refectory","2","Yes","Maple Syrup","yes","no, I was eligible but chose not to vote","Greek life","Time","9","0","0","5","Neither they're nasty","Rachel","1",NA,"House of Cards","Salad","Jigglypuff","7","Feta","Dog","Jimmy John's","fruity","Parker and Otis","No","No","Clean Laundry","52","the giant roasted hog","Harry Potter","Harry Potter","Gryffindor (because I'm a badass)","4"
NA,"Southeast","Sophomore","Black","West","I don't watch sports","yes","Taylor swift","Facebook","no","1","2","0","Nutella","none","9",NA,"0","What even is the Perimeter ","The Loop","4","Yes","Honey Mustard","no","no, I was not eligible due to age or citizenship status","SLG","Time","11","0","0","0","Neither they're nasty","Phoebe","3",NA,"How I Met Your Mother","Burrito","Jigglypuff",NA,"Pepperjack","Dog","Cookout","vanilla","Harris Teeter's","No","Yes","Bakery","53.5","chocolate covered crickets","Hunger Games","Harry Potter","Hufflepuff (because I'm good at something)","0"
"0","California","Junior","Black","West","Other","hell yes","none of these","Instagram","no","1","3","1","All three","unsure","12","15","6","What even is the Perimeter ","None of the above","30","Yes","Soy Sauce","no","yes","Greek life","Time","13","3","4","1","Coke","Monica","5","House Targaryen","Friends","Burrito","Charizard","3","Brie","Dog","Cookout","vanilla","Satisfactions","Sometimes","Yes","Bakery","52","chocolate covered crickets","Harry Potter","Harry Potter","Hufflepuff (because I'm good at something)","3"
"0","Southeast","Junior","Brown","West","Basketball","hell yes","Taylor swift","Instagram","no","1","2","2","Peanut butter","blue","17","17","5","All of the Above","The Loop","30","Yes","Sriracha","no","yes","Greek life","Outer space","1",".5","3","15","Neither they're nasty","Monica","3",NA,"Gilmore Girls","Burrito Bowl","Jigglypuff","7","Feta","Dog","Cookout","chocolate","Harris Teeter's","No","No","Clean Laundry","51.5","the giant roasted hog","Harry Potter","Harry Potter","Ravenclaw (because I'm better than you)","2"
"1","Southeast","Sophomore","Black","East","Other","hell yes","Kanye West","Twitter","no","1","2","0","Jelly","unsure","10","1","1","All of the Above","Divinity Refectory","4","No","Sriracha","no","yes","SLG","Outer space","9","1","0","2","No preference","Joey","4",NA,"How I Met Your Mother","Burrito","Jigglypuff","7","None of the above","Dog","Cookout","chocolate","Chipotle","No","Yes","Clean Laundry","50","the giant roasted hog","Harry Potter","Harry Potter","Ravenclaw (because I'm better than you)","0"
"1","Midwest","Junior","Brown","West","Soccer","hell yes","none of these","Facebook","no","0","2","0","Nutella","none","8","8","16","What even is the Perimeter ","Edens Cafe (lol)","10","Yes","Honey Mustard","no","no, I was not eligible due to age or citizenship status","Independent","Time","9","2","0","0","Neither they're nasty","Chandler","5",NA,"Breaking Bad","Soft tacos","Jigglypuff","7","Pepperjack","Dog","Cookout","chocolate","Chipotle","Sometimes","Yes","Clean Laundry","46.5","watery pasta","Harry Potter","Harry Potter","Ravenclaw (because I'm better than you)","0"
"0","Southeast","First-year","Brown","East","Basketball","yes","none of these","Instagram","no","2","1","0","Peanut butter","unsure","1","15","2","What even is the Perimeter ","Divinity Refectory","7","Yes","Maple Syrup","no","no, I was not eligible due to age or citizenship status","Greek life","Time","8","3","0","3","Coke","Phoebe","1","House Stark","Friends","Burrito Bowl","Jigglypuff","6","Brie","I'm not an animal person","Pizza","chocolate","Parker and Otis","No","No","Bakery","49","powdered eggs","Game of Thrones","Harry Potter","Ravenclaw (because I'm better than you)","1"
"0","Mid-Atlantic","First-year","Brown","East","Basketball","no","none of these","Facebook","yes","0","2","3","Some combination of two","blue","8","17","3","Outside","Blue Express","10","No","Ketchup","no","yes","Independent","Time","3","3","3","4","Coke","Gunther","3",NA,"Breaking Bad","Burrito Bowl","Rayquaza","4","None of the above","I'm not an animal person","Jimmy John's","sweet-and-salty","Parker and Otis","No","Yes","Clean Laundry","50","watery pasta","Harry Potter","Harry Potter","Gryffindor (because I'm a badass)","7"
"0","Midwest","Junior","Red","Off campus","Football","meh","none of these","Facebook","no","1","2","3","Some combination of two","none","20","18","1","What even is the Perimeter ","None of the above","10","Yes","Maple Syrup","no","yes","Greek life","Time","1","6","0","15","Coke","Rachel","3",NA,"Friends","Burrito Bowl","Blastoise","9","None of the above","Dog","Pizza","vanilla","Chipotle","Shhhhh!","No","Clean Laundry","65","salad bar","Harry Potter","Harry Potter","Hufflepuff (because I'm good at something)","0"
"2","Southeast","First-year","Brown","East","Basketball","yes","none of these","Snapchat","no","3","1","4","Some combination of two","none","7","12","2","What even is the Perimeter ","The Loop","4","Yes","Honey Mustard","no","no, I was not eligible due to age or citizenship status","Athletic Team","Time","1","0","14","6","Pepsi","Ross","7","House Tyrell","How I Met Your Mother","Burrito","Jigglypuff","4","Goat","Dog","Cosmic","vanilla","Chipotle","No","No","Clean Laundry","52","powdered eggs","Lord of the Rings/Hobbit","Harry Potter","Gryffindor (because I'm a badass)","6"
"1","Southeast","Junior","Brown","West","Basketball","meh","Taylor swift","Snapchat","no","1","1","3","Some combination of two","white","15","11","3","What even is the Perimeter ","The Loop","10","No","Ketchup","no","yes","Greek life","Time","3","3","2","4","Coke","Chandler","4","House Stark","Friends","Burrito Bowl","Charizard","5","Brie","Dog","Pizza","chocolate","Chipotle","No","No","Clean Laundry","46.5","powdered eggs","Harry Potter","Harry Potter","Gryffindor (because I'm a badass)","2"
"1","Midwest","Sophomore","Black","West","Basketball","yes","none of these","Facebook","yes","1","3","1","Nutella","unsure","10","18","3","Inside","Edens Cafe (lol)","12","Yes","Ketchup","yes","no, I was not eligible due to age or citizenship status","SLG","Time","12","3","3","4","Coke","Phoebe","3",NA,"Gilmore Girls","Burrito Bowl","Jigglypuff","4","Pepperjack","Dog","Jimmy John's","chocolate","Chipotle","Sometimes","Yes","Pine","50",NA,"Harry Potter","Harry Potter","Hufflepuff (because I'm good at something)","1"
"2","Southeast","Junior","Brown","West","Basketball","yes","none of these","Instagram","yes","2","2","1","Nutella","none","6","13","3","What even is the Perimeter ","Edens Cafe (lol)","8","Yes","Maple Syrup","no","yes","Athletic Team","Time","8","0","2","1","Coke","Rachel","3","House Stark","House of Cards","Burrito Bowl","Jigglypuff","5","Feta","Dog","Pizza","chocolate","Chipotle","Sometimes","No","Pizza","46","powdered eggs","Game of Thrones","Game of Thrones","Gryffindor (because I'm a badass)","4"
"0","Southeast","Sophomore","Brown","West","Basketball","yes","none of these","Facebook","no","1","2","1","Some combination of two","black","8","12","5","What even is the Perimeter ","The Loop","5","Yes","Honey Mustard","no","no, I was not eligible due to age or citizenship status","Independent","Time","1","3","0","15","No preference","Chandler","2",NA,"Friends","Burrito Bowl","Charizard","5","Cheddar","Dog","Pizza","chocolate","Satisfactions","Sometimes","No","Old Spice/Axe/Perfume","49","powdered eggs","Harry Potter","Harry Potter","Gryffindor (because I'm a badass)","1"
"1","Mid-Atlantic","Sophomore","Brown","West","Basketball","hell yes","Beyonce","Facebook","it's complicated","1","2","2","Nutella","none","13","12","6","What even is the Perimeter ","Edens Cafe (lol)","100","No","Soy Sauce","no","no, I was not eligible due to age or citizenship status","Greek life","Outer space","11","3","0","12","Coke","Monica","2","House Tyrell","Gilmore Girls","Burrito","Blastoise","5","Brie","Dog","Pizza","sweet-and-salty","Chipotle","No","No","Pizza","49","salad bar","Harry Potter","Harry Potter","Hufflepuff (because I'm good at something)","0"
"1","New England","Junior","Brown","West","Basketball","hell yes","Beyonce","Facebook","no","1","2","2","Nutella","none","5","13","3",NA,"Divinity Refectory","100","No","Soy Sauce","no","yes","SLG","Time","3","1","1","4","Coke","Phoebe","3","House Stark","House of Cards","Burrito Bowl","Jigglypuff","6","Brie","Dog","Cosmic","fruity","Chipotle","No","Yes","Clean Laundry","49.5","powdered eggs","Game of Thrones","Game of Thrones","Gryffindor (because I'm a badass)","3"
"1","Southeast","Junior","Black","Central","I don't watch sports","I don't care. #teamnicki","none of these","Snapchat","yes","0","2","0","Nutella","none","5","16","1","Inside","Divinity Refectory","0","Yes","Ketchup","no","yes","Greek life","Time","12","0","0","0","Coke","Rachel","2","House Targaryen","Gilmore Girls","Salad","Rayquaza","6","Pepperjack","Dog","Cookout","chocolate","Chamas","No","No","Bakery","50","chocolate covered crickets","Harry Potter","Legend of Zelda","Slytherin (because I'll cut you)","0"
"3","Mid-Atlantic","Senior","Brown","West","Other","meh","none of these","Facebook","yes","2","1","2","Nutella","none","5","16","1","What even is the Perimeter ","Divinity Refectory","2","Yes","Honey Mustard","no","yes","Independent","Time","5","1","0","3","Coke","Joey","2","House Lannister","House of Cards","Burrito Bowl","Charizard",NA,"Goat","Dog","Cookout","chocolate","Chamas","No","No","Pine","50","watery pasta","Lord of the Rings/Hobbit","Lord of the Rings","Ravenclaw (because I'm better than you)","1"
"2","Southeast","Junior","Brown","Central","Football","hell yes","Beyonce","Facebook","no","0","1","4","Nutella","none","5","12","2",NA,"Other","7","Yes","Sriracha","no","yes","SLG","Time","2","0","0","6","No preference","Monica","3","House Targaryen","How I Met Your Mother","Burrito Bowl","Venusaur","2","None of the above","Cat","Cosmic","chocolate","Chipotle","No","Yes","Bakery","58","the giant roasted hog","Game of Thrones","Harry Potter","Slytherin (because I'll cut you)","1"
"3","Midwest","Junior","Brown","Central","Football","meh","Florida-Georgia Line","Facebook","it's complicated","2","2","3","Some combination of two","none","6","6","10","What even is the Perimeter ","Other",NA,"Yes","Maple Syrup","no","yes","Greek life","Time","17","10","4","2","Coke","Joey","3","House Targaryen","Breaking Bad","Burrito Bowl","Blastoise","5","Feta","Dog","Cookout","vanilla","Chipotle","Sometimes","No","Bakery","64","powdered eggs","Game of Thrones","Game of Thrones","Ravenclaw (because I'm better than you)","3"
NA,"Southeast","First-year","Brown","East","Soccer","meh","none of these","Twitter","yes","1","2","2","None","blue","0","13","3","What even is the Perimeter ","None of the above","3","Yes","Maple Syrup","no","no, I was not eligible due to age or citizenship status","Athletic Team","Time","10","6","5","5","Coke","Ross","1","House Stark","How I Met Your Mother","Soft tacos","Blastoise","6","Cheddar","Dog","Pizza","fruity","Chipotle","No","No","Old Spice/Axe/Perfume","50","watery pasta","Harry Potter","Harry Potter","Gryffindor (because I'm a badass)","2"
"0","California","Junior","Blonde","Off campus","Other","I don't care. #teamnicki","Taylor swift","Instagram","yes","2","1","0","Some combination of two","unsure","10","10","5","Outside","None of the above","2","No","Maple Syrup","no","no, I was eligible but chose not to vote","Athletic Team","Time","1","3","2","10","Coke","Rachel","4","House Lannister","House of Cards","Burrito Bowl","Jigglypuff",NA,"Brie","Dog","Pitchforks","chocolate","Satisfactions","Sometimes","No","Pizza","60","watery pasta","Lord of the Rings/Hobbit","Lord of the Rings","Slytherin (because I'll cut you)","10"
"0","Mid-Atlantic","Junior","Black","West","Other","hell yes","Beyonce","Facebook","it's complicated","1","3","1","Nutella","none","14","14","10","What even is the Perimeter ","Other","12","Yes","Sriracha","no","no, I was not eligible due to age or citizenship status","SLG","Time","17","4","5","5","Coke","Joey","3","House Targaryen","House of Cards","Burrito Bowl","Charizard","4","Brie","Dog","Cookout","chocolate","Parker and Otis","Yes","No","Clean Laundry","58","watery pasta","Harry Potter","Harry Potter","Ravenclaw (because I'm better than you)","1"
"0","Southeast","First-year","Black","East","Soccer","hell yes","Kendrick Lamar","Facebook","no","1","3","0","Nutella","none","4",NA,"2","What even is the Perimeter ","Divinity Refectory","5","Yes","Ketchup","no","no, I was not eligible due to age or citizenship status","Athletic Team","Time","11","2","2","0","Pepsi","Phoebe","3","House Targaryen","House of Cards","Burrito","Charizard","7","Pepperjack","Cat","Jimmy John's","chocolate","Cosmic","Yes","Yes","Pine","53","salad bar","Harry Potter","Harry Potter","Gryffindor (because I'm a badass)","0"
"0","Southwest","Sophomore","Black","West","Basketball","hell yes","none of these","Facebook","yes","1","3","0","All three","none","7","17","5","What even is the Perimeter ","The Loop","4","Yes","Sriracha","no","no, I was not eligible due to age or citizenship status","SLG","Time","12","1","1","2","Coke","Joey","4","House Stark","House of Cards","Burrito Bowl","Jigglypuff","5","Pepperjack","Dog","Cookout","vanilla","Chamas","Shhhhh!","No","Clean Laundry","45","watery pasta","Harry Potter","Harry Potter","Slytherin (because I'll cut you)","0"
"1","Mid-Atlantic","Sophomore","Blonde","Central","Basketball","hell yes","Taylor swift","Instagram","no","4","2","2","Peanut butter","white","4","13",".5","What even is the Perimeter ","Edens Cafe (lol)","15","Yes","Ketchup","no","no, I was not eligible due to age or citizenship status","Greek life","Time","1","0","0","3","Coke","Chandler","3",NA,"Friends","Quesadilla","Jigglypuff","7","None of the above","Dog","Pitchforks","vanilla","Chipotle","Sometimes","Yes","Clean Laundry",NA,"powdered eggs","Harry Potter","Harry Potter","Ravenclaw (because I'm better than you)","3"
"1","New England","Sophomore","Black","East","Basketball","yes","Taylor swift","Yikyak","no","1","1","1","Nutella","none","14","5","10","Outside","Blue Express","1","Yes","Sriracha","no","yes","Greek life","Time","1","2","1","0","Coke","Monica","5","House Targaryen","House of Cards","Burrito Bowl","Charizard","5","Feta","Dog","Jimmy John's","chocolate","Cosmic","No","No","Pine","50","watery pasta","Harry Potter","Lord of the Rings","Gryffindor (because I'm a badass)","1"
"0","New England","Sophomore","Brown","West","Other","meh","Taylor swift","Facebook","yes","0","2","0","Nutella","blue","4","19","4","What even is the Perimeter ","Other","10","Yes","Maple Syrup","no","no, I was eligible but chose not to vote","SLG","Time","2","0","2","8","No preference","Joey","3","House Targaryen","Gilmore Girls","Soft tacos","Jigglypuff","6","None of the above","Dog","Pitchforks","fruity","Harris Teeter's","Sometimes","Yes","Pine","50","watery pasta","Hunger Games","Legend of Zelda","Gryffindor (because I'm a badass)","0"
"2","New England","Senior","Brown","Off campus","Soccer","hell yes","none of these","Facebook","no","1","1","4","Some combination of two","none","12","17","10","What even is the Perimeter ","The Loop","10","Yes","Sriracha","no","yes","Independent","Outer space","5","1","2","0","Neither they're nasty","Rachel","4","House Stark","Gilmore Girls","Burrito","Charizard","6","Brie","Dog",NA,"sweet-and-salty","Parker and Otis","No","No","Pine","60.5",NA,"Harry Potter","Harry Potter","Gryffindor (because I'm a badass)","0"
"0","New England","Junior","Brown","Central","Soccer","hell yes","Beyonce","Facebook","no","1","3","3","Nutella","none","15","15","0","What even is the Perimeter ","Other","10","Yes","Soy Sauce","no","yes","Greek life","Time","11","1","3","0","Coke","Rachel","3","House Stark","House of Cards","Soft tacos","Charizard","5","Brie","Dog","Cookout","chocolate","Chipotle","No","Yes","Bakery","51","salad bar","Harry Potter","Harry Potter","Gryffindor (because I'm a badass)","6"
"2","Southeast","Junior","Blonde","West","Basketball","hell yes","Beyonce","Instagram","no","1","2","3","Nutella","none","12","18","5","What even is the Perimeter ","Edens Cafe (lol)","5","No","Ketchup","no","yes","Greek life","Time","4","2","5","2","Coke","Rachel","2",NA,"Friends","Burrito Bowl","Jigglypuff","4","Goat","Dog","Pitchforks","chocolate","Parker and Otis","Sometimes","Yes","Clean Laundry","50.5","watery pasta","Harry Potter","Harry Potter","Ravenclaw (because I'm better than you)","5"
"2","Southeast","First-year","Brown","East","Soccer","meh","none of these","Instagram","it's complicated","2","2","2","Peanut butter","black","8","15","1","What even is the Perimeter ","Divinity Refectory","2","No","Honey Mustard","no","no, I was not eligible due to age or citizenship status","Independent","Outer space","10","0","1","0","Neither they're nasty","Chandler","4",NA,"House of Cards","Burrito","Charizard","6","Blue","Dog","Cosmic","sour","Cosmic","No","Yes","Pine","65","watery pasta","Lord of the Rings/Hobbit","Lord of the Rings","Ravenclaw (because I'm better than you)","2"
"3","Southeast","Sophomore","Brown","Central","Basketball","meh","Taylor swift","Instagram","yes","1","2","3","Peanut butter","none","5","12","6","Inside","Other","8","Yes","Ketchup","no","yes","Greek life","Outer space","8","1","0","3","Pepsi","Joey","1",NA,"Friends","Burrito","Jigglypuff","5","Goat","Dog","Pizza","vanilla","Chipotle","Sometimes","No","Old Spice/Axe/Perfume","54","watery pasta","Harry Potter","Harry Potter","Gryffindor (because I'm a badass)","5"
"2","New England","Sophomore","Black","West","Other","meh","Taylor swift","Facebook","no","2","3","0","Some combination of two","none","4","16","1","Outside","Divinity Refectory","10","Yes","Sriracha","no","no, I was not eligible due to age or citizenship status","Athletic Team","Time","3","0","0","2","Neither they're nasty","Rachel","3",NA,"Gilmore Girls","Burrito Bowl","Charizard","6","None of the above","Cat","Pitchforks","chocolate","Chipotle","No","Yes","Bakery","49","watery pasta","Harry Potter","Harry Potter","Hufflepuff (because I'm good at something)","0"
"0","California","Junior","Black","West","Soccer","yes","none of these","Instagram","no","1","2","2","Nutella","none","7","12","12","What even is the Perimeter ","None of the above","5","Yes","Sriracha","no","no, I was eligible but chose not to vote","Greek life","Time","7","2","0","3","Coke","Rachel","3","House Stark","Gilmore Girls","Burrito Bowl","Jigglypuff","3","None of the above","Dog","Pitchforks","sour","Chipotle","Sometimes","Yes","Clean Laundry","50","salad bar","Game of Thrones","Lord of the Rings","Slytherin (because I'll cut you)","3"
"3","Midwest","First-year","Blonde","East","I don't watch sports","meh","Taylor swift",NA,"no","2","2","2","Peanut butter","none","5","15","0","What even is the Perimeter ","Divinity Refectory","20","Yes",NA,"no","no, I was not eligible due to age or citizenship status","Greek life","Outer space","18","0","2","0","Neither they're nasty","Joey","3",NA,"How I Met Your Mother","Salad","Charizard","5","Brie","Dog",NA,"chocolate","Harris Teeter's","No","No","Clean Laundry","51","the giant roasted hog","Harry Potter","Harry Potter","Ravenclaw (because I'm better than you)",NA
"1","Midwest","First-year","Brown","East","Basketball","yes","none of these","Snapchat","yes","0","1","2","None","black","3","14","5","What even is the Perimeter ","Other","2","Yes","Ketchup","no","no, I was not eligible due to age or citizenship status","Independent","Time","8","4","7","2","Coke","Rachel","2","House Stark","House of Cards","Soft tacos","Charizard","6","Cheddar","Dog","Pizza","chocolate","Chipotle","No","No","Pine","59","powdered eggs","Game of Thrones","Game of Thrones","Ravenclaw (because I'm better than you)","2"
"0","Not from the US","Sophomore","Black","West","Soccer","no","none of these","Facebook","no","2","3","0","Some combination of two","none","4",NA,"3","What even is the Perimeter ","Other","8","No","Soy Sauce","no","no, I was not eligible due to age or citizenship status","SLG","Time","11","0","1","1","Neither they're nasty","Phoebe","5",NA,"Gilmore Girls","Soft tacos","Jigglypuff","7","None of the above","Dog","Pitchforks","fruity","Harris Teeter's","No","Yes","Bakery","46","watery pasta","Hunger Games","Harry Potter","Ravenclaw (because I'm better than you)","0"
"7","Midwest","Junior","Blonde","West","Basketball","hell yes","none of these","Facebook","it's complicated","0","2","4","Nutella","none","10","6","6","What even is the Perimeter ","Blue Express","4","Yes","Sriracha","no","yes","SLG","Outer space","4","1","0","7","Coke","Phoebe","3","House Stark","House of Cards","Burrito Bowl","Jigglypuff","8","Pepperjack","Dog","Cookout","chocolate","Chipotle","No","No","Bakery","52.5","salad bar","Harry Potter","Harry Potter","Ravenclaw (because I'm better than you)","0"
"1","Mid-Atlantic","Junior","Black","West","Basketball","hell yes","Beyonce","Facebook","no","1","2","2","Nutella","blue","9","12","4","What even is the Perimeter ","Divinity Refectory","200","No","Soy Sauce","no","no, I was eligible but chose not to vote","SLG","Outer space","1","2","5","10","Pepsi","Phoebe","4","House Targaryen","Friends","Burrito","Venusaur","2","Cheddar","Dog","Cosmic","chocolate","Chipotle","Yes","Yes","Pizza",NA,"powdered eggs","Game of Thrones","Harry Potter","Slytherin (because I'll cut you)","4"
"2","New England","Sophomore","Blonde","Central","Football","meh","none of these","Snapchat","no","2","2","5","Some combination of two","none","30","13","6","Outside","Edens Cafe (lol)","8","Yes","Sriracha","yes","yes","Greek life","Outer space","2","1","2","1","Neither they're nasty","Rachel","4","House Targaryen","House of Cards","Margarita (no food)","Jigglypuff","9","None of the above","Dog","Pizza","chocolate","Parker and Otis","Sometimes","No","Old Spice/Axe/Perfume","63","watery pasta","Harry Potter","Harry Potter","Slytherin (because I'll cut you)","10"
"0","Southeast","Junior","Black","West","Football","yes","none of these","Twitter","no","2","1","2","Some combination of two","none","20","15","20","Outside","The Loop","10","Yes","Maple Syrup","no","yes","Independent","Time","1","3","5","3","Coke","Rachel","6","House Stark","House of Cards","Burrito Bowl","Jigglypuff","5","Goat","Dog","Jimmy John's","fruity","Chipotle","No","Yes","Pizza","44","chocolate covered crickets","Harry Potter","Harry Potter","Gryffindor (because I'm a badass)","1"
"0","New England","Sophomore","Brown","Central","Basketball","hell yes","Beyonce","Facebook","no","1","1","4","Peanut butter","none","4","11","4","Inside","The Loop","20","Yes","Maple Syrup","no","no, I was eligible but chose not to vote","Greek life","Time","6","30","3","3","Pepsi","Rachel","1",NA,"Friends","Hard tacos","Jigglypuff","8","Feta","Dog","Pizza","sweet-and-salty","Parker and Otis","Sometimes","No","Clean Laundry",NA,"powdered eggs","Harry Potter","Harry Potter","Gryffindor (because I'm a badass)","6"
NA,"Southeast","First-year","Brown","East","Football","hell yes","Taylor swift","Instagram","it's complicated","1","2","1","Some combination of two","unsure","5","14","4","Inside","Divinity Refectory","2","Yes","Honey Mustard","no","no, I was not eligible due to age or citizenship status","Independent","Time","3","2","2","3","Coke","Joey","3",NA,"Breaking Bad","Burrito Bowl","Charizard","6","Pepperjack","Dog","Pizza","chocolate","Cosmic","Shhhhh!","No","Pine","60","powdered eggs","Harry Potter","Harry Potter","Gryffindor (because I'm a badass)","0"
"3","Southeast","Junior","Blonde","West","Football","no","none of these","Vine","it's complicated","0","1","1","Nutella","none","8","16","4",NA,"None of the above","3","Yes","Honey Mustard","no","yes","Athletic Team","Time","1","12","1","7","Neither they're nasty","Joey","4","House Greyjoy","House of Cards","Burrito Bowl","Blastoise","9","Brie","Cat","Cosmic","sweet-and-salty","Chipotle","Yes","No","Clean Laundry","54","watery pasta","Game of Thrones","Game of Thrones","Ravenclaw (because I'm better than you)","4"
"1","Pacific Northwest","Senior","Brown","Off campus","Football","yes","Taylor swift","Facebook","yes","2","2","0","All three","none","6","18","1",NA,"Blue Express","5","Yes","Maple Syrup","no","no, I was eligible but chose not to vote","Greek life","Time","11","0","0","2","Coke",NA,"3",NA,"Gilmore Girls","Burrito Bowl",NA,NA,"Cheddar","Dog","Cookout","chocolate","Chipotle","No","No","Pine","54",NA,"Harry Potter","Harry Potter","Ravenclaw (because I'm better than you)","0"
"0","Not from the US","Sophomore","Brown","West","Soccer","yes","Taylor swift","Facebook","no","0","0","0","Nutella","none","8","9","2","What even is the Perimeter ","Divinity Refectory","15","Yes","Soy Sauce","no","no, I was not eligible due to age or citizenship status","Athletic Team","Time","3","0","0","1","Coke","Phoebe","4","House Stark","How I Met Your Mother","Burrito","Blastoise","6","Cheddar","Dog","Pizza","chocolate","Chipotle","Shhhhh!","Yes","Pine","60","salad bar","Harry Potter","Harry Potter","Hufflepuff (because I'm good at something)","1"
"1","Mid-Atlantic","Sophomore","Brown","Off campus","Other","yes","none of these","Snapchat","it's complicated","2","1","3","Some combination of two","none","4","12",NA,"What even is the Perimeter ","Edens Cafe (lol)","2","Yes","Ketchup","no","yes","Athletic Team","Time","1","0","3","1","Coke","Joey","3",NA,"House of Cards","Salad","Charizard","6","Brie","Dog","Cookout","chocolate","Parker and Otis","No","No","Clean Laundry","55","chocolate covered crickets","Harry Potter","Harry Potter","Gryffindor (because I'm a badass)","11"
"0","Southeast","First-year","Brown","East","Soccer","hell yes","Kanye West","Vine","no","1","3","2","Some combination of two","unsure","12","16","10","Inside","Other","2","Yes","Sriracha","yes","no, I was not eligible due to age or citizenship status","Independent","Time","9","2","0","2","Neither they're nasty","Chandler","4",NA,"Breaking Bad","Burrito Bowl","Jigglypuff","5","Pepperjack","Dog","Pizza","sweet-and-salty","Chipotle","Yes","Yes","Pine","51","chocolate covered crickets","Lord of the Rings/Hobbit","Lord of the Rings","Gryffindor (because I'm a badass)","2"
"1","California","First-year","Brown","East","Soccer","hell yes","none of these","Twitter","no","3","1","0","Peanut butter","black","1","17","5","All of the Above","The Loop","10","Yes","Maple Syrup","no","no, I was not eligible due to age or citizenship status","Independent","Time","7","3","0","5","Pepsi","Rachel","2","House Targaryen","House of Cards","Burrito Bowl","Blastoise","6","Cheddar","Dog","Cookout","chocolate","Chipotle","No","Yes","Pine","49","watery pasta","Game of Thrones","Harry Potter","Gryffindor (because I'm a badass)","1"
"3","Southeast","Sophomore","Brown","West","I don't watch sports","meh","none of these","Facebook","no","4","2","0","Nutella","blue","11","19","5","What even is the Perimeter ","Divinity Refectory","6","Yes","Sriracha","no","yes","Independent","Time","7","10","0","0","Neither they're nasty","Phoebe","7","House Targaryen","Friends","Burrito Bowl","Rayquaza","5","None of the above","Dog","Pizza","chocolate","Harris Teeter's","Yes","No","Bakery","54","powdered eggs","Lord of the Rings/Hobbit","Harry Potter","Gryffindor (because I'm a badass)","0"
"0","Midwest","Junior","Brown","West","Basketball","hell yes","Kanye West","Instagram","no","2","1","1","Nutella","none","4","13","5","What even is the Perimeter ","The Loop","10","Yes","Maple Syrup","no","yes","Athletic Team","Outer space","1","5","5","6","Coke","Ross","2",NA,"House of Cards","Soft tacos","Charizard","7","Cheddar","Dog","Cosmic","chocolate","Chipotle","Yes","No","Bakery","57","watery pasta","Harry Potter","Harry Potter","Ravenclaw (because I'm better than you)","2"
"1","Not from the US","First-year","Brown","East","Soccer","hell yes","Beyonce","Snapchat","no","1","2-3","2","Nutella","black","7","15","2","Outside","Divinity Refectory","15","No","Sriracha","no","no, I was not eligible due to age or citizenship status","Greek life","Time","2","3","17","3","Coke","Rachel","1","House Stark","Friends","Burrito","Jigglypuff","5","Brie","Cat","Cosmic","sour","Chipotle","Yes","Yes","Pine","50","watery pasta","Game of Thrones","Harry Potter","Slytherin (because I'll cut you)","8"
NA,"Midwest","First-year","Brown","East","Basketball","hell yes","Beyonce","Instagram","no","2","1","1","Some combination of two","blue","10","16","4","What even is the Perimeter ","Divinity Refectory","2","Yes","Honey Mustard","no","no, I was not eligible due to age or citizenship status","Greek life","Time","8","2","5","5","Coke","Chandler","3",NA,"House of Cards","Burrito Bowl","Venusaur","7","Feta","Dog","Pizza","vanilla","Parker and Otis","No","No","Clean Laundry","50","watery pasta","Harry Potter","Harry Potter","Ravenclaw (because I'm better than you)","0"
"1","Southeast","Sophomore","Brown","Central","Football","yes","Kendrick Lamar","Snapchat","no","2","2","5","Some combination of two","none","6","16","15","Inside","Divinity Refectory","10","Yes","Ketchup","no","yes","Greek life","Time","7","5","0","3","Coke","Chandler","3","House Targaryen","Friends","Burrito Bowl","Charizard","7","Brie","Dog","Cookout","other","Chipotle","Yes","No","Sharpie","54","watery pasta","Harry Potter","Game of Thrones","Gryffindor (because I'm a badass)","1"
"4","Southeast","First-year","Brown","East","Soccer","hell yes","Kanye West","Yikyak","yes","2","2","2","All three","unsure","6","13","1","What even is the Perimeter ","Divinity Refectory","4","Yes","Sriracha","yes","yes","Independent","Time","5","1","4","2","Coke","Gunther","3","House Tyrell","How I Met Your Mother","Burrito Bowl","Charizard","6","Pepperjack","Cat","Cosmic","fruity","Chipotle","Shhhhh!","No","Pine","56","powdered eggs","Harry Potter","Harry Potter","Ravenclaw (because I'm better than you)","3"
NA,"Not from the US","Sophomore","Brown","West","Soccer","hell yes","Beyonce","Twitter","no","0","3","0","Nutella","none","4","18","4","What even is the Perimeter ","Divinity Refectory","5","Yes","Ketchup","no","no, I was not eligible due to age or citizenship status","Independent","Time","4","8","0","0","Coke","Joey","2","House Stark","How I Met Your Mother","Burrito","Charizard","6","None of the above","Dog","Pizza","vanilla","Chipotle","Shhhhh!","Yes","Bakery","55","watery pasta","Harry Potter","Harry Potter","Slytherin (because I'll cut you)","0"
"0","Southeast","First-year","Black","East","Basketball","meh","none of these","Facebook","yes","1","2","0","Peanut butter","none","5","10","2","What even is the Perimeter ","Divinity Refectory","2","Yes","Sriracha","no","no, I was not eligible due to age or citizenship status","Independent","Time","23","0","5","0","Neither they're nasty","Joey","3",NA,"House of Cards","Burrito","Jigglypuff","6","Cheddar","Dog","Pizza","vanilla","Chipotle","No","Yes","Clean Laundry","52","watery pasta","Harry Potter","Harry Potter","Hufflepuff (because I'm good at something)","0"
"0","New England","Junior","Black","West","Soccer","yes","none of these","Instagram","no","1","3","6","Nutella","white","10","17","4","What even is the Perimeter ","The Loop","10","Yes","Honey Mustard","no","yes","SLG","Time","16","3","5","3","Coke","Rachel","3",NA,"Gilmore Girls","Burrito Bowl","Charizard","4","Brie","Cat","Pitchforks","chocolate","Chamas","Yes","Yes","Clean Laundry","54","watery pasta","Harry Potter","Harry Potter","Hufflepuff (because I'm good at something)","5"
"1","Pacific Northwest","Junior","Brown","Off campus","Football","hell yes","Kanye West","Snapchat","no","2","1","6","Some combination of two","none","2","13","8","Outside","The Loop","10","Yes","Ketchup","no","no, I was eligible but chose not to vote","Greek life","Time","1","1","0","0","Coke","Joey","1","House Targaryen","House of Cards","Burrito Bowl","Charizard","8","Pepperjack","Dog","Pitchforks","chocolate","Chipotle","Sometimes","No","Clean Laundry","52.5","powdered eggs","Harry Potter","Game of Thrones","Gryffindor (because I'm a badass)","12"
"0","New England","Sophomore","Brown","West","Football","hell yes","Beyonce","Instagram","no","1","2","1","Nutella","none","5","10","2","What even is the Perimeter ","Divinity Refectory","5","Yes","Ketchup","no","no, I was not eligible due to age or citizenship status","Independent","Time","12","1","4","3","Coke","Monica","3","House Stark","Breaking Bad","Burrito Bowl","Jigglypuff","6","Feta","Dog","Pizza","fruity","Chipotle","Yes","Yes","Clean Laundry","45","powdered eggs","Lord of the Rings/Hobbit","Lord of the Rings","Gryffindor (because I'm a badass)","4"
"1","Mid-Atlantic","Sophomore","Brown","West","Basketball","hell yes","Beyonce","Instagram","no","2","1","2","Nutella","black","15","12","8","Outside","Divinity Refectory","6","Yes","Maple Syrup","no","no, I was not eligible due to age or citizenship status","Independent","Time","10","1","0","10","Neither they're nasty","Ross","5","House Targaryen","How I Met Your Mother","Burrito Bowl","Jigglypuff","6","Pepperjack","Dog","Pizza","vanilla","Parker and Otis","No","No","Pizza","58.5","powdered eggs","Hunger Games","Harry Potter","Gryffindor (because I'm a badass)","1"
"1","Southeast","Junior","Red","Central","Football","I don't care. #teamnicki","Taylor swift","Snapchat","yes","2","1","5","Peanut butter","none","10","14","8","Inside","Blue Express","30","Yes","Honey Mustard","no","yes","Greek life","Time","12","5","2","5","Neither they're nasty","Chandler","5","House Lannister","Friends","Margarita (no food)","Blastoise","6","Feta","Dog","Cookout","chocolate","Chipotle","No","No","Bakery","51","watery pasta","Game of Thrones","Game of Thrones","Gryffindor (because I'm a badass)","1"
"2","Southeast","First-year","Black","East","Basketball","no","none of these","Snapchat","no","0","1","1","Nutella","none","4","10","1","What even is the Perimeter ","Other","1","Yes","Honey Mustard","no","no, I was not eligible due to age or citizenship status","Athletic Team","Time","1","3","5","3","Neither they're nasty","Ross","3","House Targaryen","How I Met Your Mother","Burrito","Charizard","12","None of the above","Cat","Pizza","chocolate","Chipotle","No","Yes","Old Spice/Axe/Perfume","2","powdered eggs","Game of Thrones","Game of Thrones","Ravenclaw (because I'm better than you)","52"
"1","Southeast","Junior","Blonde","West","Other","yes","none of these","Instagram","no","1","1","1","All three","none","6","16","14","What even is the Perimeter ","The Loop","15","Yes","Honey Mustard","no","yes","Independent","Time","1","1","0","3","Coke","Phoebe","3","House Targaryen","House of Cards","Burrito","Rayquaza","5","None of the above","Dog","Cookout","chocolate","Chipotle","Sometimes","Yes","Clean Laundry","59","chocolate covered crickets","Harry Potter","Harry Potter","Slytherin (because I'll cut you)","1"
"1","Mid-Atlantic","Senior","Brown","Off campus","Soccer","yes","none of these","I don't use social media","no","1","2","0","Some combination of two","none","9","17","3","What even is the Perimeter ","Blue Express","0","Yes","Honey Mustard","no","no, I was eligible but chose not to vote","SLG","Outer space","1","1","0","1","Neither they're nasty","Rachel","3",NA,"How I Met Your Mother","Burrito","Blastoise","6","None of the above","Cat","Cookout","sweet-and-salty","Parker and Otis","No","Yes","Bakery","54","powdered eggs","Harry Potter","Harry Potter","Hufflepuff (because I'm good at something)","0"
"1","New England","First-year","Blonde","East","Soccer","yes","Beyonce","Instagram","yes","2","2","2","Nutella","unsure","25","17","0","What even is the Perimeter ","The Loop","5","Yes","Honey Mustard","no","no, I was eligible but chose not to vote","Greek life","Time","8","1","3","1","Pepsi","Rachel","6",NA,"Friends","Burrito Bowl","Jigglypuff","6","Blue","Dog","Cookout","fruity","Chipotle","No","Yes","Bakery","51","watery pasta","Lord of the Rings/Hobbit","Lord of the Rings","Gryffindor (because I'm a badass)","1"
"4","Southeast","Senior","Brown","West","I don't watch sports","yes","none of these","Facebook","no","2","2","0","Some combination of two","none","2",NA,"2","What even is the Perimeter ","Divinity Refectory","2","Yes","Honey Mustard","no","yes","Independent","Outer space","15","1","2","0","No preference","Joey","4",NA,"How I Met Your Mother","Salad","Charizard","5","Goat","Dog","Pitchforks","sweet-and-salty","Parker and Otis","Shhhhh!","No","Bakery","53","watery pasta","Harry Potter","Legend of Zelda","Ravenclaw (because I'm better than you)","0"
"0","Southeast","First-year","Brown","East","Other","meh","Kendrick Lamar","Instagram","no","1","1","2","Nutella","none","6","16",NA,"What even is the Perimeter ","Divinity Refectory","5","No","Honey Mustard","no","yes","Greek life","Time","2","0","0","2","Neither they're nasty","Rachel","4",NA,"How I Met Your Mother","Burrito","Charizard",NA,"Goat","I'm not an animal person","Jimmy John's","chocolate","Parker and Otis","Sometimes","No","Pine","51","chocolate covered crickets","Harry Potter","Harry Potter","Slytherin (because I'll cut you)","4"
"1","Southeast","Sophomore","Brown","West","Other","hell yes","Kanye West","Twitter","no","3","1","2","None","none","1","10","10","What even is the Perimeter ","None of the above","2","No","Ketchup","no","no, I was not eligible due to age or citizenship status","Independent","Time","4","2","0","3","Coke","Rachel","2",NA,"House of Cards","Burrito","Jigglypuff","3","Feta","Dog","Jimmy John's","chocolate","Chipotle","No","No","Pine","44.5","powdered eggs","Harry Potter","Harry Potter","Ravenclaw (because I'm better than you)","2"
"2","New England","Sophomore","Brown","West","Soccer","meh","none of these","Facebook","no","2","3","0","Nutella","none","15","19","1","What even is the Perimeter ","Other","4","No","Honey Mustard","no","no, I was not eligible due to age or citizenship status","Independent","Time","1","0","0","5","Neither they're nasty","Phoebe","4",NA,"Gilmore Girls","Salad","Jigglypuff","4","None of the above","Dog","Pitchforks","other","Chamas","No","Yes","Clean Laundry","50","the giant roasted hog","Harry Potter","Harry Potter","Gryffindor (because I'm a badass)","0"
"0","Southeast","Junior","Brown","West","Basketball","I don't care. #teamnicki","Kendrick Lamar","I don't use social media","no","1","1","0","Peanut butter","none","0","15","10","What even is the Perimeter ","Edens Cafe (lol)","0","Yes","Honey Mustard","no","no, I was eligible but chose not to vote","Independent","Time","3","4","0","5","Neither they're nasty","Chandler","1","House Lannister","House of Cards","Quesadilla","Charizard","6","Cheddar","Dog","Pizza","chocolate","Satisfactions","Yes","Yes","Clean Laundry","48","watery pasta","Harry Potter","Harry Potter","Ravenclaw (because I'm better than you)","0"
"0","Mid-Atlantic","Junior","Black","West","Basketball","no","none of these","Youtube","yes","0","2","3","Peanut butter","none","10","4","12","Outside","The Loop","0","Yes","Ketchup","no","yes","Independent","Time","9","2","3","5","Neither they're nasty","Joey","3",NA,"House of Cards","Burrito Bowl","Charizard","5","Brie","Dog","Cosmic","vanilla","Chipotle","Sometimes","Yes","Sharpie","52.5","watery pasta","Harry Potter","Harry Potter","Gryffindor (because I'm a badass)","0"
NA,"California","First-year","Black","East","Basketball","meh","Taylor swift","Facebook","no","0","2","1","Peanut butter","blue","9",NA,"4","All of the Above","Blue Express","20","Yes","Soy Sauce","no","no, I was not eligible due to age or citizenship status","Independent","Time","13","3","14","1","Coke","Rachel","3",NA,"House of Cards","Burrito","Charizard","7","Feta","I'm not an animal person","Cookout","vanilla","Harris Teeter's","Shhhhh!","Yes","Bakery","58","powdered eggs","Harry Potter","Harry Potter","Hufflepuff (because I'm good at something)","1"
"0","Mid-Atlantic","Senior","Brown","West","I don't watch sports","no","none of these","Facebook","no","0","1","0","None","blue","4",NA,"10","What even is the Perimeter ","None of the above","5","No","Ketchup","no","no, I was eligible but chose not to vote","Independent","Time","5","0","6","0","Pepsi","Joey","2",NA,"Friends","Salad","Jigglypuff","5","None of the above","Cat","Cookout","I don't eat dessert because I don’t like fun",NA,"No","No","Clean Laundry","61","watery pasta","Lord of the Rings/Hobbit","Lord of the Rings","Ravenclaw (because I'm better than you)","0"
"0","Southeast","Senior","Black","Off campus","Soccer","hell yes","Taylor swift","Instagram","no","1",NA,"2","Nutella","none","3","7","8","All of the Above","Divinity Refectory","2","Yes","Sriracha","no","yes","Independent","Time","2","2","0","0","Coke","Phoebe","3",NA,"Gilmore Girls","Burrito Bowl","Charizard","6","Brie","Dog","Cookout","chocolate","Chipotle","Shhhhh!","Yes","Pizza","60","watery pasta","Harry Potter","Harry Potter","Ravenclaw (because I'm better than you)","2"
"0","Southeast","Junior","Black","West","Other","meh","none of these","Youtube","no","2","2","0","Some combination of two","none","4",NA,"4","What even is the Perimeter ","Divinity Refectory","0","Yes","Maple Syrup","no","yes","Independent","Outer space","6","1","0","1","Neither they're nasty","Rachel","3",NA,"Gilmore Girls","Burrito Bowl","Blastoise","5","Brie","Dog","Jimmy John's","vanilla","Chipotle","No","Yes","Bakery","55","powdered eggs","Harry Potter","Harry Potter","Gryffindor (because I'm a badass)","0"
"2","New England","Junior","Brown","West","Other","yes","none of these","Facebook","no","0","2","0","Nutella","unsure","17",NA,"8","What even is the Perimeter ","None of the above","6","Yes","Soy Sauce","no","yes","Independent","Time","15","2","5","10","Coke","Joey","5","House Targaryen","House of Cards","Burrito Bowl","Charizard","6","Cheddar","Dog","Cookout","vanilla","Chipotle","Sometimes","Yes","Bakery","58","watery pasta","Lord of the Rings/Hobbit","Lord of the Rings","Gryffindor (because I'm a badass)","0"
"1","Midwest","Sophomore","Brown","West","Football","hell yes","Beyonce","Instagram","no","0","1","1","Peanut butter","none","2","17","1","Inside","Edens Cafe (lol)","5","Yes","Soy Sauce","no","no, I was not eligible due to age or citizenship status","Athletic Team","Time","1","2","0","10","Coke","Rachel","1","House Stark","How I Met Your Mother","Burrito Bowl","Jigglypuff","2","Cheddar","Dog","Cookout","vanilla","Chipotle","No","Yes","Bakery","50","chocolate covered crickets","Hunger Games","Game of Thrones","Hufflepuff (because I'm good at something)","6"
"2","Midwest","First-year","Blonde","East","Basketball","yes","none of these","Twitter","no","1","1","2","Some combination of two","unsure","4","14","3",NA,"The Loop","4","No","Soy Sauce","no","no, I was not eligible due to age or citizenship status","Independent","Time","5","4","3","2","Coke","Rachel","3","House Tyrell","House of Cards","Burrito Bowl","Rayquaza","6","None of the above","Dog","Cookout","vanilla","Cosmic","Sometimes","No","Old Spice/Axe/Perfume","52","powdered eggs","Harry Potter","Harry Potter","Ravenclaw (because I'm better than you)","1"
"0","Not from the US","Sophomore","Black","West","Basketball","meh","Kendrick Lamar","Snapchat","it's complicated","2","2","2","Nutella","unsure","5","15","3","Outside","None of the above","4","Yes","Sriracha","no","no, I was not eligible due to age or citizenship status","Independent","Time","1","1","3","3","Coke","Phoebe","3","House Martell","House of Cards","Quesadilla","Jigglypuff","4","Feta","Dog","Pitchforks","chocolate","Parker and Otis","No","Yes","Bakery","60.5","watery pasta","Harry Potter","Harry Potter","Gryffindor (because I'm a badass)","3"
"1","Southwest","Junior","Blonde","Central","Basketball","hell yes","Beyonce","Yikyak","it's complicated","2","2","3","Peanut butter",NA,"4","12","8","What even is the Perimeter ","Edens Cafe (lol)","10","Yes","Sriracha","yes","yes","Greek life","Time","14","0","5",NA,"Coke","Rachel","3","House Stark","House of Cards","Burrito Bowl","Jigglypuff","5","None of the above","Dog","Pitchforks","vanilla","Parker and Otis","No","No","Bakery","56","the giant roasted hog","Harry Potter","Harry Potter","Slytherin (because I'll cut you)","5"
"0","Mid-Atlantic","Sophomore","Brown","West","Basketball","yes","Kanye West","Facebook","no","1","1","2","Nutella","none","4","17","3",NA,"Edens Cafe (lol)","15","No","Soy Sauce","no","no, I was not eligible due to age or citizenship status","SLG","Time","2","1","0","17","Coke","Chandler","2","House Stark","Breaking Bad","Burrito","Charizard","8","Cheddar","Dog","Cookout","chocolate","Chipotle","Sometimes","Yes","Clean Laundry","54","salad bar","Game of Thrones","Game of Thrones","Ravenclaw (because I'm better than you)","3"
"1","Midwest","Senior","Brown","West","Other","hell yes","none of these","Facebook","yes","2","2","1","Peanut butter","blue","14","15","2","What even is the Perimeter ","Other","2","No","Maple Syrup","no","yes","Independent","Time","3","2","0","3","Coke","Chandler","3","House Lannister","Breaking Bad","Burrito","Jigglypuff","5","None of the above","Cat","Cookout","chocolate","Chipotle","No","No","Bakery","55","powdered eggs","Harry Potter","Harry Potter","Ravenclaw (because I'm better than you)","0"
"5","Southeast","Sophomore","Brown","West","Basketball","meh","Taylor swift","Instagram","yes","2","2","0","Some combination of two","none","6","14","1",NA,"The Loop","1","Yes","Maple Syrup","no","no, I was not eligible due to age or citizenship status","Greek life","Time","1","2","0","10","Neither they're nasty",NA,"2",NA,NA,"Soft tacos",NA,NA,"None of the above","Dog","Cookout","vanilla","Harris Teeter's","No","Yes","Pizza","44","watery pasta","Hunger Games",NA,NA,"0"
NA,"Southeast","First-year","Blonde","East","Soccer","yes","Beyonce","Vine","it's complicated","2","3","1","Nutella","blue","3","14","20","Inside","Divinity Refectory","2","No","Ketchup","yes","no, I was not eligible due to age or citizenship status","Greek life","Time","4","0","6","2","Coke","Chandler","1",NA,"Friends","Salad","Jigglypuff","5","Pepperjack","Dog","Cosmic","fruity","Chipotle","Yes","No","Bakery","48","powdered eggs","Harry Potter","Harry Potter","Ravenclaw (because I'm better than you)","1"
"0","Southeast","First-year","Black","East","Basketball","hell yes","Beyonce","Twitter","no","3","1","0","Peanut butter","black","0",NA,"1","What even is the Perimeter ","Divinity Refectory","3","No","Soy Sauce","no","no, I was not eligible due to age or citizenship status","Independent","Time","16","1","1","1","Coke","Ross","1",NA,"How I Met Your Mother","Burrito Bowl","Charizard","5","Pepperjack","Dog","Pizza","chocolate","Chipotle","No","Yes","Pizza","50","the giant roasted hog","Lord of the Rings/Hobbit","Harry Potter","Hufflepuff (because I'm good at something)","0"
"0","Southeast","Sophomore","Black","East","Football","hell yes","Kendrick Lamar","Facebook","it's complicated","9","1","0","Some combination of two","none","1","10","9","What even is the Perimeter ","Edens Cafe (lol)","3","No","Honey Mustard","no","yes","Independent","Time","20","0","2","5","Coke","Joey","1",NA,"Breaking Bad","Burrito","Jigglypuff","9","Cheddar","Dog","Cookout","fruity","Cosmic","No","Yes","Bakery","40","salad bar","Hunger Games","Harry Potter","Ravenclaw (because I'm better than you)","0"
"0","Southwest","Senior","Black","West","Basketball","yes","none of these","Snapchat","yes","1","3","0","Nutella","blue","8","21","2",NA,"Blue Express","3","Yes","Honey Mustard","no","yes",NA,"Time","2","2","5","3","Coke","Monica","4",NA,"How I Met Your Mother","Burrito Bowl","Charizard","8","Pepperjack","Dog","Pitchforks","sweet-and-salty","Chipotle","Sometimes","Yes","Bakery","57","chocolate covered crickets","Harry Potter","Legend of Zelda","Ravenclaw (because I'm better than you)","0"
"0","California","First-year","Black","East","Basketball","yes","none of these","Facebook","no","1","1","0","Nutella","none","10",NA,"5","All of the Above","Divinity Refectory","4","Yes","Honey Mustard","no","no, I was not eligible due to age or citizenship status","Independent","Time","1","1","4","1","No preference","Phoebe","4",NA,"Friends","Burrito","Charizard","4","Goat","Cat","Pizza","sweet-and-salty","Chipotle","No","Yes","Clean Laundry","53","salad bar","Harry Potter","Harry Potter","Hufflepuff (because I'm good at something)","0"
"0","Midwest","Junior","Black","West","I don't watch sports","meh","Kanye West","Yikyak","no","1","4","1","Peanut butter","none","5","18","13","What even is the Perimeter ","None of the above","3","Yes","Ketchup","no","no, I was eligible but chose not to vote","Independent","Outer space","3","8","0","0","Neither they're nasty","Chandler","3","House Martell","House of Cards","Burrito Bowl","Charizard","8","None of the above","Dog","Pitchforks","fruity","Chipotle","Sometimes","Yes","Bakery","55","chocolate covered crickets","Game of Thrones","Game of Thrones","Ravenclaw (because I'm better than you)","0"
"1","Southeast","Sophomore","Brown","West","Basketball","hell yes","none of these","Instagram","yes","1","2","2","Some combination of two","none","5","13","5","What even is the Perimeter ","Divinity Refectory","3","Yes","Sriracha","no","no, I was not eligible due to age or citizenship status","SLG","Time","5","3","1","7","Coke","Chandler","3",NA,"Gilmore Girls","Burrito Bowl","Charizard","7","Brie","Dog","Pitchforks","sweet-and-salty","Parker and Otis","Shhhhh!","No","Bakery","52","powdered eggs","Harry Potter","Harry Potter","Hufflepuff (because I'm good at something)","1"
"0","Mid-Atlantic","First-year","Brown","East","Football","yes","Taylor swift","Facebook","no","1","2","2","Some combination of two","none","6","16","3","What even is the Perimeter ","The Loop","6","No","Soy Sauce","no","no, I was eligible but chose not to vote","Athletic Team","Time","5","2","0","5","Neither they're nasty","Rachel","4",NA,"Friends","Burrito Bowl","Jigglypuff","6","Blue","I'm not an animal person","Pizza","chocolate","Parker and Otis","No","Yes","Bakery","46","powdered eggs","Hunger Games","Legend of Zelda","Hufflepuff (because I'm good at something)","2"
"0","California","Junior","Black","Central","Basketball","I don't care. #teamnicki","none of these","Snapchat","no","1","3","3","None","none","9","13","5","Outside","The Loop","20","Yes","Sriracha","no","yes","Greek life","Time","17","1","1","21","Coke","Phoebe","2","House Stark","House of Cards","Burrito Bowl","Charizard","5","Goat","Dog","Jimmy John's","sweet-and-salty","Chipotle","No","Yes","Clean Laundry","49","powdered eggs","Game of Thrones","Harry Potter","Slytherin (because I'll cut you)","4"
"1","Midwest","Sophomore","Brown","West","Basketball","no","Kanye West","Yikyak","no","2","2","1","Some combination of two","none","2","17","1",NA,"Edens Cafe (lol)","69","No","Sriracha","no","no, I was eligible but chose not to vote","Independent","Time","14","0","0","3","Coke","Rachel","2",NA,"Friends","Burrito Bowl","Blastoise","75","Pepperjack","I'm not an animal person","Pizza","chocolate","Chipotle","Shhhhh!","No","Old Spice/Axe/Perfume","50","watery pasta","Harry Potter","Legend of Zelda","Ravenclaw (because I'm better than you)",NA
NA,"New England","Junior","Black","West","I don't watch sports","hell yes","Taylor swift","Youtube","no","1","2","2","None","none","5","12","5","What even is the Perimeter ","Other","6","Yes","Honey Mustard","no","yes","Athletic Team","Time","1","0","2","0","Neither they're nasty","Rachel","3","House Targaryen","How I Met Your Mother","Margarita (no food)","Charizard","7","Goat","Dog","Jimmy John's","fruity","Parker and Otis","Shhhhh!","Yes","Pine","53","powdered eggs","Lord of the Rings/Hobbit","Lord of the Rings","Gryffindor (because I'm a badass)","2"
"1","Midwest","Senior","Blonde","West","Other","yes","none of these","Instagram","yes","1","2","1","Some combination of two","black","7","18","5","What even is the Perimeter ","Edens Cafe (lol)","10","Yes","Maple Syrup","no","yes","SLG","Time","9","1","0","0","Coke","Ross","2",NA,"Friends","Burrito Bowl","Charizard","7","Goat","Dog","Pizza","chocolate","Parker and Otis","Sometimes","Yes","Bakery","52","powdered eggs","Harry Potter","Harry Potter","Gryffindor (because I'm a badass)","1"
"0","New England","First-year","Brown","East","Football","hell yes","none of these","Youtube","no","1","2","0","All three","none","4","15","2","What even is the Perimeter ","The Loop","6","No","Maple Syrup","no","no, I was not eligible due to age or citizenship status","Independent","Outer space","3","2","0","0","Coke","Chandler","2","House Stark","Breaking Bad","Burrito Bowl","Blastoise","6","Cheddar","Dog","Pitchforks","chocolate","Chipotle","No","No","Pine","50","powdered eggs","Harry Potter","Harry Potter","Gryffindor (because I'm a badass)","0"
"2","Mid-Atlantic","Sophomore","Blonde","West","Other","meh","Taylor swift","Twitter","no","2","2","2","Some combination of two","none","12","19","3","All of the Above","The Loop","10","Yes","Ketchup","no","no, I was not eligible due to age or citizenship status","Independent","Time","3","1","2","10","Coke","Phoebe","4",NA,"House of Cards","Burrito Bowl","Jigglypuff",NA,"Cheddar","Dog","Pizza","chocolate","Harris Teeter's","No","No","Bakery","51","watery pasta","Harry Potter","Harry Potter","Hufflepuff (because I'm good at something)","0"
"1","Pacific Northwest","Sophomore","Black","West","Other","yes","none of these","Facebook","no","1","3",".03","Nutella","blue","2",NA,"2","What even is the Perimeter ","Divinity Refectory","10","No","Maple Syrup","no","no, I was not eligible due to age or citizenship status","Independent","Time","13","0","7","10","Coke","Chandler","2",NA,"Breaking Bad","Burrito","Charizard","8","Cheddar","Dog","Cookout","chocolate","Chipotle","Shhhhh!","Yes","Bakery","51","chocolate covered crickets","Harry Potter","Legend of Zelda","Ravenclaw (because I'm better than you)","0"
"2","Southeast","Sophomore","Blonde","West","Basketball","meh","Taylor swift","Instagram","it's complicated","0","2","2","Peanut butter","blue","11","17","0","Inside","Divinity Refectory","10","No","Soy Sauce","no","no, I was not eligible due to age or citizenship status","Greek life","Time","7","1","0","10","Neither they're nasty","Joey","3",NA,"How I Met Your Mother","Burrito Bowl","Blastoise","5","Cheddar","Cat","Cookout","chocolate","Parker and Otis","No","Yes","Old Spice/Axe/Perfume","56","powdered eggs","Harry Potter","Harry Potter","Gryffindor (because I'm a badass)","1"
"1","Midwest","First-year","Brown","East","Basketball","yes","none of these","Instagram","it's complicated","2","2","2","Peanut butter","unsure","3","14","1","All of the Above","Other","4","Yes","Sriracha","yes","no, I was not eligible due to age or citizenship status","SLG","Time","13","0","7","1","Neither they're nasty","Rachel","2",NA,"House of Cards","Burrito Bowl","Jigglypuff","4","Brie","Dog","Cosmic","other","Chamas","Sometimes","Yes","Pine","52","watery pasta","Harry Potter","Harry Potter","Gryffindor (because I'm a badass)","1"
"1","Pacific Northwest","Junior","Black","Central","Soccer","meh","none of these","Facebook","no","0","2","3","Some combination of two","none","11","14","2","What even is the Perimeter ","Other","20","Yes","Honey Mustard","no","yes","Greek life","Time","15","2","0","0","Coke","Chandler","4","House Tyrell","House of Cards","Burrito Bowl","Jigglypuff","5","Pepperjack","Dog","Pitchforks","chocolate","Chipotle","No","No","Sharpie","47","powdered eggs","Game of Thrones","Harry Potter","Slytherin (because I'll cut you)","8"
"0","Southeast","Sophomore","Black","West","Other","hell yes","Kendrick Lamar","Facebook","yes","2","2","1","None","black","6","14","3","What even is the Perimeter ","Other","10","Yes","Sriracha","no","no, I was not eligible due to age or citizenship status","SLG","Time","6","0","3","4","Coke","Monica","2",NA,"Breaking Bad","Burrito","Rayquaza","3","None of the above","Dog","Pitchforks","chocolate","Chipotle","No","Yes","Old Spice/Axe/Perfume","52","powdered eggs","Harry Potter","Harry Potter","Ravenclaw (because I'm better than you)","0"
"0","Southeast","Junior","Brown","West","Soccer","meh","none of these","Snapchat","no","1","3","1","Some combination of two","none","4",NA,"10","What even is the Perimeter ","Blue Express","4","Yes","Maple Syrup","yes","no, I was eligible but chose not to vote","SLG","Time","9","2","0","3","Coke","Phoebe","2","House Targaryen","House of Cards","Burrito","Rayquaza","5","Pepperjack","Dog","Pitchforks","chocolate","Chipotle","Shhhhh!","Yes","Bakery","47","watery pasta","Harry Potter","Harry Potter","Ravenclaw (because I'm better than you)","0"
"3","Mid-Atlantic","First-year","Blonde","East","I don't watch sports","hell yes","Kendrick Lamar","Instagram","it's complicated","0","2","0","Some combination of two","none","5","15","2","What even is the Perimeter ","Edens Cafe (lol)","59999","No","Maple Syrup","no","no, I was not eligible due to age or citizenship status","SLG","Time","1","1","2","0","Coke","Monica","2","House Targaryen","Battlestar Galactica","Burrito Bowl","Rayquaza","5","Cheddar","Dog","Cookout","sweet-and-salty","Harris Teeter's","Sometimes","Yes","Pine","56","chocolate covered crickets","Harry Potter","Harry Potter","Ravenclaw (because I'm better than you)","5"
"1","Mid-Atlantic","First-year","Brown","East","Football","hell yes","Beyonce","Instagram","no","1","1","1","Peanut butter","none","4","14","10","Outside","Divinity Refectory","3","Yes","Honey Mustard","no","no, I was eligible but chose not to vote","Athletic Team","Time","1","0","4","2","Coke","Rachel","4",NA,"House of Cards","Burrito Bowl","Jigglypuff","6","Cheddar","Dog","Cosmic","vanilla","Chipotle","Yes","No","Bakery","41","chocolate covered crickets","Harry Potter","Harry Potter","Ravenclaw (because I'm better than you)","5"
"1","Midwest","Junior","Brown","East","I don't watch sports","hell yes","none of these","Snapchat","no","2","2","0.5","Peanut butter","none","10","15","4","What even is the Perimeter ","Divinity Refectory","5","No","Honey Mustard","no","yes","Greek life","Time","14","1","0","3","Neither they're nasty","Joey","2","House Targaryen","House of Cards","Burrito Bowl","Jigglypuff","6","Goat","Cat","Cosmic","fruity","Parker and Otis","Shhhhh!","Yes","Bakery","52","chocolate covered crickets","Lord of the Rings/Hobbit","Lord of the Rings","Hufflepuff (because I'm good at something)","1"
"0","New England","Sophomore","Brown","Central","Basketball","hell yes","Beyonce","Facebook","no","1","1","4","Peanut butter","none","4","11","2","Inside","The Loop","20","Yes","Maple Syrup","no","no, I was eligible but chose not to vote","Greek life","Time","6","9","4","3","Pepsi","Rachel","1",NA,"Friends","Hard tacos","Jigglypuff","8","Feta","Dog","Pizza","sweet-and-salty","Parker and Otis","Sometimes","No","Clean Laundry","51","powdered eggs","Harry Potter","Harry Potter","Gryffindor (because I'm a badass)","6"
"0","Mid-Atlantic","First-year","Blonde","East","Basketball","yes","none of these","Snapchat","no","2","2","3","Some combination of two","blue","14","16","3","What even is the Perimeter ","Divinity Refectory","3","No","Ketchup","no","no, I was not eligible due to age or citizenship status","Independent","Time","3","2","1","5","Coke","Chandler","4",NA,"Friends","Quesadilla","Jigglypuff","5","None of the above","Dog","Pizza","sweet-and-salty","Parker and Otis","Sometimes","No","Pizza","51","chocolate covered crickets","Hunger Games","Lord of the Rings","Hufflepuff (because I'm good at something)","1"
"3","Southwest","Junior","Blonde","West","Football","hell yes","none of these","Snapchat","no","2","2","3","Peanut butter","blue","12","13","2","What even is the Perimeter ","The Loop","10","Yes","Sriracha","no","yes","Greek life","Time","16","0","2","4","Neither they're nasty","Joey","4",NA,"Gilmore Girls","Burrito Bowl","Charizard","7","Brie","I'm not an animal person","Pizza","chocolate","Parker and Otis","No","No","Bakery","54","salad bar","Harry Potter","Harry Potter","Gryffindor (because I'm a badass)","4"
"13","California","First-year","Brown","East","Basketball","yes","Beyonce","Instagram","no","2","2","0","Peanut butter","black","5","14","2","Inside","The Loop","4","Yes","Honey Mustard","no","no, I was not eligible due to age or citizenship status","Independent","Time","9","4","3","3","Coke","Joey","2","House Targaryen","How I Met Your Mother","Burrito","Rayquaza","5","Brie","Dog","Cosmic","chocolate","Chipotle","Sometimes","No","Old Spice/Axe/Perfume","45","powdered eggs","Lord of the Rings/Hobbit","Harry Potter","Gryffindor (because I'm a badass)","0"
"0","Southeast","Junior","Brown","West","Other","meh","Taylor swift","Snapchat","no","1","1","3","Some combination of two","white","7","16","6","What even is the Perimeter ","Edens Cafe (lol)","3","Yes","Honey Mustard","no","yes","Greek life","Time","5","1","1","6","Coke","Rachel","2","House Stark","House of Cards","Burrito Bowl","Jigglypuff","5","Brie","Dog","Cookout","vanilla","Parker and Otis","Sometimes","No","Bakery","56","watery pasta","Harry Potter","Harry Potter","Hufflepuff (because I'm good at something)","2"
"0","Mid-Atlantic","First-year","Brown","East","Basketball","hell yes","Taylor swift","Twitter","it's complicated","1","2","0","None","unsure","4","19","2","What even is the Perimeter ",NA,"10","No","Sriracha","no","no, I was not eligible due to age or citizenship status","Independent","Time","2","2","0","2","Neither they're nasty","Janice","2",NA,"Breaking Bad","Salad","Charizard",NA,"None of the above","Dog","Pizza","chocolate","Satisfactions","No","No","Pizza","54","watery pasta","Harry Potter","Harry Potter","Ravenclaw (because I'm better than you)","0"
"0","Mid-Atlantic","First-year","Blonde","East","Basketball","yes","none of these","Snapchat","no","2","2","3","Some combination of two","blue","14","18","3","What even is the Perimeter ","The Loop","3","No","Ketchup","no","no, I was not eligible due to age or citizenship status","Independent","Time","3","3","1","5","Coke","Chandler","4",NA,"Friends","Quesadilla","Jigglypuff","5","None of the above","Dog","Pizza","sweet-and-salty","Parker and Otis","Sometimes","No","Pizza","51","chocolate covered crickets","Hunger Games","Game of Thrones","Hufflepuff (because I'm good at something)","1"
"0","Not from the US","Senior","Brown","Off campus","Basketball","yes","Taylor swift","Instagram","no","0","3","2","Peanut butter","none","12","10","3","What even is the Perimeter ","None of the above","3","Yes","Soy Sauce","no","yes","Greek life","Time","11","4","2","0","Coke","Chandler","3","House Stark","Friends","Burrito Bowl",NA,"6","Goat","Dog","Pizza","chocolate","Chipotle","No","Yes","Clean Laundry","56","powdered eggs","Harry Potter","Harry Potter","Gryffindor (because I'm a badass)","4"
"1","Southeast","Junior","Blonde","East","I don't watch sports","meh","Taylor swift","Instagram","yes","2","2","1","Some combination of two","none","13","13","3","Inside","Edens Cafe (lol)","3","No","Ketchup","no","yes","Greek life","Time","8","2","12","2","Coke","Rachel","2","House Targaryen","Gilmore Girls","Burrito Bowl","Jigglypuff","6","Brie","Cat","Cookout","sweet-and-salty","Cosmic","Sometimes","No","Bakery","51","powdered eggs","Lord of the Rings/Hobbit","Lord of the Rings","Ravenclaw (because I'm better than you)","1"
"0","Southeast","Junior","Blonde","West","Football","meh","Taylor swift","Snapchat","no","6","2","0","Some combination of two","unsure","1","18","8","What even is the Perimeter ","Divinity Refectory","3","Yes","Soy Sauce","no","yes","Independent","Time","3","2","1","4","Coke","Chandler","1",NA,"Friends","Burrito Bowl",NA,"6","Pepperjack","Dog","Pizza","chocolate","Satisfactions","Sometimes","Yes","Pine","51","the giant roasted hog","Hunger Games",NA,NA,"0"
"0","Mid-Atlantic","Sophomore","Black","West","Basketball","hell yes","none of these","Facebook","no","1","1","2","Some combination of two","unsure","4","14","0","Outside","Blue Express","20","Yes","Sriracha","no","yes","Greek life","Time","11","1","0","2","No preference","Chandler","2","House Stark","Friends","Burrito Bowl","Blastoise","6","Cheddar","Dog","Cookout","chocolate","Parker and Otis","No","No","Clean Laundry","55.5","salad bar","Harry Potter","Harry Potter","Ravenclaw (because I'm better than you)","1"
"1","Southeast","Sophomore","Brown","West","Basketball","hell yes","Beyonce","Facebook","it's complicated","2","2","1","Some combination of two","blue","5","16","8","What even is the Perimeter ","Divinity Refectory","30","No","Maple Syrup","no","no, I was not eligible due to age or citizenship status","SLG","Outer space","4","1","0","2","Coke","Rachel","3",NA,"How I Met Your Mother","Burrito Bowl","Blastoise","6","Brie","Cat","Cookout","fruity","Parker and Otis","Sometimes","Yes","Clean Laundry","53","the giant roasted hog","Harry Potter","Harry Potter","Slytherin (because I'll cut you)","0"
"7","Southwest","Sophomore","Brown","West","I don't watch sports","hell yes","none of these","Instagram","it's complicated","7","3","1","Some combination of two","white","2","16","0","Outside","Divinity Refectory","10","Yes","Honey Mustard","yes","yes","SLG","Time","3","0","0","1","Neither they're nasty","Rachel","2",NA,"Gilmore Girls","Burrito","Charizard","6","Goat","Cat","Cookout","sweet-and-salty","Cosmic","No","No","Bakery","52","the giant roasted hog","Lord of the Rings/Hobbit","Lord of the Rings","Gryffindor (because I'm a badass)","0"
"2","Southeast","Sophomore","Brown","East","Football","yes","Beyonce","Facebook","no","2","2","0","Some combination of two","white","6","16","0","Outside","The Loop","4","Yes","Honey Mustard","no","yes","SLG","Time","4","3","0","8","Coke","Rachel","1",NA,"How I Met Your Mother","Burrito Bowl","Charizard","8","Pepperjack","Dog","Pizza","vanilla","Cosmic","No","No","Pine","50","powdered eggs","Lord of the Rings/Hobbit","Lord of the Rings","Gryffindor (because I'm a badass)","0"
"2","Midwest","Sophomore","Black","West","I don't watch sports","hell yes","Beyonce","Facebook","no","2","1","1","Nutella","none","13","15","3","All of the Above","Divinity Refectory","12","Yes","Honey Mustard","no","no, I was not eligible due to age or citizenship status","Independent","Outer space","3","2","3","2","Coke","Chandler","3","House Targaryen","Battlestar Galactica","Quesadilla","Rayquaza",NA,"Brie","Dog","Cookout","chocolate","Chamas","No","Yes","Clean Laundry","50","watery pasta","Lord of the Rings/Hobbit","Game of Thrones","Gryffindor (because I'm a badass)",".4"
"1","Southeast","Sophomore","Brown","Central","I don't watch sports","meh","none of these","Facebook","yes","3","2","0","Jelly","none","0","15","15","What even is the Perimeter ","Divinity Refectory","20","Yes","Maple Syrup","no","no, I was not eligible due to age or citizenship status","Independent","Outer space","13","5","0","0","Neither they're nasty","Rachel","1","House Stark","Breaking Bad","Burrito Bowl","Charizard","3","None of the above","Dog","Pizza","chocolate","Cosmic","No","Yes","Clean Laundry","49","powdered eggs","Game of Thrones","Harry Potter","Ravenclaw (because I'm better than you)","0"
"1","Not from the US","Junior","Black","Central","Basketball","hell yes","Beyonce","Facebook","no","2","3","1","Nutella","none","11","8","2","What even is the Perimeter ","The Loop","10","Yes","Ketchup","no","no, I was not eligible due to age or citizenship status","Independent","Time","1","2","4","2","Coke","Chandler","7","House Tyrell","House of Cards","Burrito Bowl","Venusaur","4","None of the above","Cat","Cookout","vanilla","Parker and Otis","Sometimes","Yes","Pine","50","watery pasta","Harry Potter","Game of Thrones","Gryffindor (because I'm a badass)","2"
"2","New England","Sophomore","Blonde","Central","Other","hell yes","Taylor swift","Facebook","no","3","2","2","Some combination of two","none","8","14","20","What even is the Perimeter ","Edens Cafe (lol)","30","Yes","Ketchup","no","no, I was not eligible due to age or citizenship status","Greek life","Time","10","6","2","1","Neither they're nasty","Rachel","3","House Lannister","Gilmore Girls","Burrito Bowl","Blastoise","10","Cheddar","Cat","Pizza","chocolate","Chipotle","Yes","No","Pizza","51","watery pasta","Harry Potter","Harry Potter","Ravenclaw (because I'm better than you)","6"
"0","Southeast","First-year","Brown","East","Football","hell yes","Taylor swift","Instagram","no","2","2","3","Nutella","none","7","16","6","Inside","The Loop","4","No","Honey Mustard","no","no, I was not eligible due to age or citizenship status","Greek life","Time","11","10","2","1","Coke","Chandler","2",NA,"Friends","Burrito Bowl","Charizard","5","Cheddar","Dog","Pizza","vanilla","Chipotle","No","Yes","Pizza","55","chocolate covered crickets","Harry Potter","Harry Potter","Gryffindor (because I'm a badass)","2"
"0","New England","Junior","Brown","Off campus","Basketball","hell yes","Taylor swift","Snapchat","no","1","1","5","Some combination of two","none","24","14","10","Outside","Divinity Refectory","5","Yes","Honey Mustard","no","yes","Greek life","Time","11","4","5","5","Neither they're nasty",NA,"5",NA,"Breaking Bad","Burrito","Jigglypuff","7","Brie","Dog","Cookout","chocolate","Parker and Otis","Sometimes","Yes","Pizza","56","chocolate covered crickets","Hunger Games","Harry Potter","Gryffindor (because I'm a badass)","8"
"1","Not from the US","Sophomore","Brown","West","I don't watch sports","no","none of these","Youtube","yes","1","2","2","Some combination of two","none","15","14","2","What even is the Perimeter ","The Loop","3","Yes","Maple Syrup","no","yes","SLG","Time","12","2","3","2","Coke","Joey","3","House Targaryen","Breaking Bad","Burrito","Charizard",NA,"Cheddar","Dog","Cosmic","chocolate","Cosmic","Sometimes","Yes","Pine","54","powdered eggs","Lord of the Rings/Hobbit","Lord of the Rings","Gryffindor (because I'm a badass)","0"
"4","Southwest","Junior","Brown","West","Basketball","hell yes","Beyonce","Facebook","yes","2","3","1","Nutella","none","15","16","10",NA,"The Loop","10","Yes","Soy Sauce","no","yes","Independent","Time","2","2","2","3","Neither they're nasty","Rachel","4","House Stark","How I Met Your Mother","Hard tacos","Jigglypuff","4","None of the above","Dog","Pitchforks","chocolate","Chipotle","No","Yes","Clean Laundry","40","watery pasta","Harry Potter","Lord of the Rings","Gryffindor (because I'm a badass)","2"
"2","New England","Junior","Black","West","Basketball","I don't care. #teamnicki","Kendrick Lamar","Snapchat","yes","1","2","0","All three","unsure","9","14","0","All of the Above","Edens Cafe (lol)","10","Yes","Honey Mustard","yes","yes","Independent","Time","4","1","3","8","No preference","Phoebe","4","House Targaryen","How I Met Your Mother","Burrito","Rayquaza","7","Brie","Cat","Pizza","fruity","Parker and Otis","Shhhhh!","Yes","Clean Laundry","49","the giant roasted hog","Hunger Games","Legend of Zelda","Hufflepuff (because I'm good at something)","1"
"2","New England","Junior","Red","West","Football","no","none of these","Facebook","it's complicated","1","1","2","Some combination of two","none","28","17","20","What even is the Perimeter ","The Loop","10","No","Ketchup","yes","yes","Greek life","Outer space","11","20","0","0","Coke","Rachel","7","House Stark","Breaking Bad","Quesadilla","Blastoise","8","None of the above","Dog","Pizza","chocolate","Harris Teeter's","Sometimes","Yes","Bakery","67","the giant roasted hog","Harry Potter","Harry Potter","Gryffindor (because I'm a badass)","1"
"1","Southeast","Junior","Brown","West","Basketball","yes","Taylor swift","Facebook","no","2","1","0","Nutella","unsure","15","17","4","What even is the Perimeter ","None of the above","10","Yes","Soy Sauce","no","yes","Greek life","Time","11","0","4","5","Neither they're nasty","Phoebe","4",NA,"Gilmore Girls","Burrito","Charizard","5","Brie","Dog","Cosmic","other","Parker and Otis","No","No","Bakery","54","salad bar","Harry Potter","Harry Potter","Gryffindor (because I'm a badass)","2"
NA,"Southeast","Sophomore","Brown","Central","Soccer","hell yes","Beyonce","Instagram","no","2","2","3","Some combination of two","none","8","14","4",NA,"Edens Cafe (lol)","45","Yes","Ketchup","no","no, I was eligible but chose not to vote","Greek life","Outer space","4","2","10","0","Pepsi","Phoebe","2","House Targaryen","Breaking Bad","Burrito Bowl","Charizard","5","Goat","Cat","Cosmic","chocolate","Parker and Otis","Sometimes","Yes","Pine","56","watery pasta","Harry Potter","Game of Thrones","Gryffindor (because I'm a badass)","7"
"2","California","Sophomore","Brown","Central","Football","meh","none of these","Snapchat","no","1","2","3","Nutella","none","14","14","3","What even is the Perimeter ","Edens Cafe (lol)","6","Yes","Honey Mustard","no","no, I was eligible but chose not to vote","Greek life","Time","5","4","0","1","Coke","Rachel","5","House Targaryen","House of Cards","Burrito Bowl","Charizard","7","Goat","Dog","Pizza","sweet-and-salty","Parker and Otis","No","No","Old Spice/Axe/Perfume","53","salad bar","Game of Thrones","Harry Potter","Ravenclaw (because I'm better than you)","8"
"1","Southeast","First-year","Blonde","East","Basketball","yes","none of these","Instagram","it's complicated","2","1","1","Peanut butter","black","6","16","2","Inside","None of the above","2","No","Soy Sauce","yes","no, I was not eligible due to age or citizenship status","Athletic Team","Time","10","7","0","1","Pepsi","Chandler","3",NA,"Friends","Burrito Bowl","Jigglypuff","5","Blue","Cat","Pizza","chocolate","Chipotle","No","No","Clean Laundry","50","salad bar","Hunger Games","Harry Potter","Gryffindor (because I'm a badass)","2"
"1","New England","Sophomore","Brown","West","Basketball","meh","none of these","Snapchat","no","3","3","2","Nutella","blue","11","15","3","What even is the Perimeter ","Other","10","Yes","Sriracha","no","no, I was not eligible due to age or citizenship status","Athletic Team","Outer space","1","2","3","1","Coke","Chandler","3",NA,"Gilmore Girls","Burrito Bowl","Charizard","3","Goat","Dog","Cookout","chocolate","Chipotle","No","Yes","Clean Laundry","53","chocolate covered crickets","Hunger Games","Harry Potter","Gryffindor (because I'm a badass)","4"
"1","Mid-Atlantic","Junior","Brown","Central","Basketball","hell yes","Taylor swift","Instagram","no","2","2","1","Some combination of two","blue","17","13","1","All of the Above","Edens Cafe (lol)","5","No","Honey Mustard","no","yes","Greek life","Time","10","2","0","5","Coke","Phoebe","6","House Stark","House of Cards","Burrito Bowl","Jigglypuff","6","Brie","Dog","Pizza","chocolate","Chamas","No","No","Pizza","57","watery pasta","Harry Potter","Harry Potter","Gryffindor (because I'm a badass)","1"
"1","New England","Sophomore","Blonde","West","Basketball","meh","Taylor swift","Facebook","no","2","1","1","Nutella","none","7","16","5","What even is the Perimeter ","Edens Cafe (lol)","10","Yes","Sriracha","no","no, I was not eligible due to age or citizenship status","Independent","Time","1","5","5","9","Coke","Chandler","3","House Stark","House of Cards","Burrito","Charizard","3","Cheddar","Dog","Pizza","chocolate","Chipotle","Yes","No","Pizza","53","powdered eggs","Game of Thrones","Harry Potter","Gryffindor (because I'm a badass)","2"
NA,"Southwest","Sophomore","Black","West","Basketball","hell yes","Kanye West","Facebook","yes","1","3","0","All three","none","8","17","5","What even is the Perimeter ","The Loop","4","Yes","Sriracha","no","no, I was not eligible due to age or citizenship status","SLG","Time","12","1","0","2","Coke","Joey","4","House Stark","House of Cards","Burrito","Jigglypuff","5","Pepperjack","Dog","Pitchforks","vanilla","Chamas","Shhhhh!","No","Clean Laundry","45","watery pasta","Harry Potter","Harry Potter","Slytherin (because I'll cut you)","0"
